"product_id","product_name","brand_id","brand_name","category_id","category_level1_name","category_level2_name","category_level3_name"
"NMAKPANTDRY","pantalon imperm rojo",2,"makalu",101,"Equipos","Indumentaria","Parkas / Impermeables"
"BALIVPANTLIV","pantalon imper liv azul",1,"aliverti",101,"Equipos","Indumentaria","Parkas / Impermeables"
"BMAKCHALWINDLAD","chaleco windshelf lady azul",2,"makalu",101,"Equipos","Indumentaria","Parkas / Impermeables"
"BOUTPARKAMOUNT","parka mountanlite azul",12,"outside",101,"Equipos","Indumentaria","Parkas / Impermeables"
"BOUTMOUNTPANT","pantalon mountanlite azul",12,"outside",101,"Equipos","Indumentaria","Parkas / Impermeables"
"BMAKPANTDRY","Pantalon imperm azul",2,"makalu",101,"Equipos","Indumentaria","Parkas / Impermeables"
"BLIBOFORCE","Pantalon force azul",13,"Libo",101,"Equipos","Indumentaria","Parkas / Impermeables"
"NOUTRAIMANJK","campera raiman h rojo",12,"outside",101,"Equipos","Indumentaria","Parkas / Impermeables"
"BOUTELBRUS","Parka ELbrus azul",12,"outside",101,"Equipos","Indumentaria","Parkas / Impermeables"
"NMAKBKT","buzo kayak travesia rojo",2,"makalu",101,"Equipos","Indumentaria","Parkas / Impermeables"
"NMAKCHALWIND","chaleco windshelf h rojo",2,"makalu",101,"Equipos","Indumentaria","Parkas / Impermeables"
"BPACKLITE","parka packlite azul",2,"makalu",101,"Equipos","Indumentaria","Parkas / Impermeables"
"NALIVCAMPULTRA","campera imper liv rojo",1,"aliverti",101,"Equipos","Indumentaria","Parkas / Impermeables"
"BALIVCAMPULTRA","campera imper liv azul",1,"aliverti",101,"Equipos","Indumentaria","Parkas / Impermeables"
"NALIVPANTLIV","pantalon imper liv rojo",1,"aliverti",101,"Equipos","Indumentaria","Parkas / Impermeables"
"BEXPEDLADY","parka exped lady azul",2,"makalu",101,"Equipos","Indumentaria","Parkas / Impermeables"
"BOUTRAIMANJKLADY","campera raiman Lady azul",12,"outside",101,"Equipos","Indumentaria","Parkas / Impermeables"
"BMAKWINDCAMP","campera wind h azul",2,"makalu",101,"Equipos","Indumentaria","Parkas / Impermeables"
"NPANTIMPACONCAGUA","pantalon imper aconcagua rojo",1,"aliverti",101,"Equipos","Indumentaria","Parkas / Impermeables"
"BMAKWINDCAMLADY","campera wind lady azul",2,"makalu",101,"Equipos","Indumentaria","Parkas / Impermeables"
"NSTARLITE","parka starlite rojo",12,"outside",101,"Equipos","Indumentaria","Parkas / Impermeables"
"NALICAMPWIND","campera wind rojo",1,"aliverti",101,"Equipos","Indumentaria","Parkas / Impermeables"
"BLIBOUCUMAR","campera ucumar azul",13,"Libo",101,"Equipos","Indumentaria","Parkas / Impermeables"
"BOUTRAIMANJK","campera raiman h azul",12,"outside",101,"Equipos","Indumentaria","Parkas / Impermeables"
"NOUTPANTRAIM","pantalon raiman rojo",12,"outside",101,"Equipos","Indumentaria","Parkas / Impermeables"
"NOUTRAIMANJKLADY","campera raiman LADY rojo",12,"outside",101,"Equipos","Indumentaria","Parkas / Impermeables"
"NCAMPNIÑOS","campera imperm niño rojo",1,"aliverti",101,"Equipos","Indumentaria","Parkas / Impermeables"
"NPANTNIÑOS","pantalon imp niños rojo",1,"aliverti",101,"Equipos","Indumentaria","Parkas / Impermeables"
"BMAKPANTLIGHTHOMB","pantalon imperm light HOM azul",2,"makalu",101,"Equipos","Indumentaria","Parkas / Impermeables"
"BMAKPANTIMPLIGHTLADY","Pantalon light lady azul",2,"makalu",101,"Equipos","Indumentaria","Parkas / Impermeables"
"BMAKNITROJK","parka nitro azul",2,"makalu",101,"Equipos","Indumentaria","Parkas / Impermeables"
"NALIVPANTIMP","pantalon impermeable rojo",1,"aliverti",101,"Equipos","Indumentaria","Parkas / Impermeables"
"NMAKEXPEDJKT2","parka expedicion 2 rojo",2,"makalu",101,"Equipos","Indumentaria","Parkas / Impermeables"
"BMAKEXPEDJKT","Parka expedicion H azul ",2,"makalu",101,"Equipos","Indumentaria","Parkas / Impermeables"
"NOUTPARKAMOUNT","Parka Mountanlite rojo",12,"outside",101,"Equipos","Indumentaria","Parkas / Impermeables"
"NOUTMOUNTPANT","Pantalon mountanlite rojo",12,"outside",101,"Equipos","Indumentaria","Parkas / Impermeables"
"NLIBOKOALA","Anorak koala rojo",13,"Libo",101,"Equipos","Indumentaria","Parkas / Impermeables"
"NMAKEXPEDJKT","Parka expedicion rojo",2,"makalu",101,"Equipos","Indumentaria","Parkas / Impermeables"
"NLIBOUCUMAR","Campera ucumar rojo",13,"Libo",101,"Equipos","Indumentaria","Parkas / Impermeables"
"NEXPEDLADY","Parka exped lady rojo",2,"makalu",101,"Equipos","Indumentaria","Parkas / Impermeables"
"NMAKBK","buzo kayak rojo",2,"makalu",101,"Equipos","Indumentaria","Parkas / Impermeables"
"NMAKWINDCAMLADY","campera wind lady rojo",2,"makalu",101,"Equipos","Indumentaria","Parkas / Impermeables"
"NOUTELBRUS","parka elbrus rojo",12,"outside",101,"Equipos","Indumentaria","Parkas / Impermeables"
"NMAMJK","jardinero kayak rojo",2,"makalu",101,"Equipos","Indumentaria","Parkas / Impermeables"
"NPACKLITE","Parka packlite rojo",2,"makalu",101,"Equipos","Indumentaria","Parkas / Impermeables"
"NMAKWINDCAMP","Campera wind h rojo",2,"makalu",101,"Equipos","Indumentaria","Parkas / Impermeables"
"NLIBOFORCE","Pantalon force rojo",13,"Libo",101,"Equipos","Indumentaria","Parkas / Impermeables"
"NCAMPRISTOP","campera imperm ristop rojo",1,"aliverti",101,"Equipos","Indumentaria","Parkas / Impermeables"
"NMAKNITROJK","parka nitro rojo",2,"makalu",101,"Equipos","Indumentaria","Parkas / Impermeables"
"NNITROPANT","Pantalon nitro rojo",2,"makalu",101,"Equipos","Indumentaria","Parkas / Impermeables"
"NMAKCHALWINDLAD","Chaleco windshelf lady rojo",2,"makalu",101,"Equipos","Indumentaria","Parkas / Impermeables"
"BCAMPNIÑOS","campera imp niño azul",1,"aliverti",101,"Equipos","Indumentaria","Parkas / Impermeables"
"NLIBOCAMPENDUR","Campera duvet endurance rojo",13,"Libo",102,"Equipos","Indumentaria","Duvet"
"NMAKACONC","campera duvet aconcagua rojo",2,"makalu",102,"Equipos","Indumentaria","Duvet"
"NOUTCHALDUV","chaleco duvet hombre rojo",12,"outside",102,"Equipos","Indumentaria","Duvet"
"BMAKFRONTVEST","Chaleco front azul",2,"makalu",102,"Equipos","Indumentaria","Duvet"
"BLIBOCAMPENDUR","campera duvet endurance azul",13,"Libo",102,"Equipos","Indumentaria","Duvet"
"BMAKTOLJKT","campera duvet tolosa azul",2,"makalu",102,"Equipos","Indumentaria","Duvet"
"BMAKCLAJKT","Campera duvet classic azul",2,"makalu",102,"Equipos","Indumentaria","Duvet"
"NOUTCHALDUVLADY","chaleco duvet lady rojo",12,"outside",102,"Equipos","Indumentaria","Duvet"
"NLIBOCHAL","Chaleco duvet rojo",13,"Libo",102,"Equipos","Indumentaria","Duvet"
"NMAKFRONTVEST","Chaleco front rojo",2,"makalu",102,"Equipos","Indumentaria","Duvet"
"BOUTMINERVA","campera minerva azul",12,"outside",102,"Equipos","Indumentaria","Duvet"
"BLIBOCHAL","chaleco azul",13,"Libo",102,"Equipos","Indumentaria","Duvet"
"NOUTMINERVA","campera minerva rojo",12,"outside",102,"Equipos","Indumentaria","Duvet"
"NMAKTOLOSA","campera duvet tolosa rojo",2,"makalu",102,"Equipos","Indumentaria","Duvet"
"NMAKCLASSIC","campera duvet classic rojo",2,"makalu",102,"Equipos","Indumentaria","Duvet"
"NMAKTRANGO","buzo trango rojo",2,"makalu",103,"Equipos","Indumentaria","Polar"
"NGORRAPOLARV","gorro polar con visera rojo",2,"makalu",103,"Equipos","Indumentaria","Polar"
"BGORRAPOLARV","gorra polar con visera azul",2,"makalu",103,"Equipos","Indumentaria","Polar"
"NALIVPANT100","pantalon polar 100 rojo",1,"aliverti",103,"Equipos","Indumentaria","Polar"
"NALIVPANTPOLAR100LAD","Pantalon polar lady 100 rojo",1,"aliverti",103,"Equipos","Indumentaria","Polar"
"NMAKTRANGOLADY","buzo trango lady rojo",2,"makalu",103,"Equipos","Indumentaria","Polar"
"NPASAM","balaclava polar rojo",1,"aliverti",103,"Equipos","Indumentaria","Polar"
"NMAKGORR","gorro polar rojo",2,"makalu",103,"Equipos","Indumentaria","Polar"
"NALIVPANTPOLAR","Pantalon polar 200 rojo",1,"aliverti",103,"Equipos","Indumentaria","Polar"
"NALIVPANTPOLLADY","Pantalon polar lady 200 rojo",1,"aliverti",103,"Equipos","Indumentaria","Polar"
"NMAKEIGERLADY","campera  eiger lady rojo",2,"makalu",103,"Equipos","Indumentaria","Polar"
"NMAKEIGER","Campera eiger H rojo",2,"makalu",103,"Equipos","Indumentaria","Polar"
"NMAKCHALLADYPOL","Chaleco polar lady rojo",2,"makalu",103,"Equipos","Indumentaria","Polar"
"NMAKCHAL","Chaleco polar con ref rojo",2,"makalu",103,"Equipos","Indumentaria","Polar"
"NALIVBUZO","Buzo polar rojo",1,"aliverti",103,"Equipos","Indumentaria","Polar"
"BMAKKHUMBU","campera khumbu azul",2,"makalu",103,"Equipos","Indumentaria","Polar"
"NMAKKHUMBU","campera khumbu rojo",2,"makalu",103,"Equipos","Indumentaria","Polar"
"BMAKTRANGO","buzo trango azul",2,"makalu",103,"Equipos","Indumentaria","Polar"
"NALIVCHAL","chaleco polar rojo",1,"aliverti",103,"Equipos","Indumentaria","Polar"
"NALIVBUZO100","buzo polar 100 rojo",1,"aliverti",103,"Equipos","Indumentaria","Polar"
"NALIVCUELLO","cuello polar rojo",1,"aliverti",103,"Equipos","Indumentaria","Polar"
"NALIVCAMP","Campera polar rojo",1,"aliverti",103,"Equipos","Indumentaria","Polar"
"NALIVGORRO","gorro polar rojo",1,"aliverti",103,"Equipos","Indumentaria","Polar"
"BMAKEIGERLADY","campera eiger lady azul",2,"makalu",103,"Equipos","Indumentaria","Polar"
"BMAKGORRAWIN","gorra wind azul",2,"makalu",103,"Equipos","Indumentaria","Polar"
"BMAKVINCHA","vincha polar azul",2,"makalu",103,"Equipos","Indumentaria","Polar"
"BMAKGORRO","Gorro polar azul",2,"makalu",103,"Equipos","Indumentaria","Polar"
"BALIVCAMPPOLREF","campera polar ref azul",1,"aliverti",103,"Equipos","Indumentaria","Polar"
"NALIVCAMPREF","campera polar con ref rojo",1,"aliverti",103,"Equipos","Indumentaria","Polar"
"BALIVPOLELAZ","polera elastiza hombre azul",1,"aliverti",104,"Equipos","Indumentaria","Interiores / Guantes"
"NMAKCALZA","calza interior hombre rojo",2,"makalu",104,"Equipos","Indumentaria","Interiores / Guantes"
"NOUTGUANTPOL","guante polartec rojo",12,"outside",104,"Equipos","Indumentaria","Interiores / Guantes"
"NCALZALADY","calza lady rojo",2,"makalu",104,"Equipos","Indumentaria","Interiores / Guantes"
"NALIVCAMICONCIERRE","camiseta int con cierre rojo",1,"aliverti",104,"Equipos","Indumentaria","Interiores / Guantes"
"NNMAKPOL","Polera interior rojo",2,"makalu",104,"Equipos","Indumentaria","Interiores / Guantes"
"BMED1piel","Media interiores azul",1,"aliverti",104,"Equipos","Indumentaria","Interiores / Guantes"
"BMEDZOQ","Media soq algod  azul",1,"aliverti",104,"Equipos","Indumentaria","Interiores / Guantes"
"BALIVCOOLMAX","media soq coolmax azul",1,"aliverti",104,"Equipos","Indumentaria","Interiores / Guantes"
"NALIVCUBMIT","Cubremitones rojo",1,"aliverti",104,"Equipos","Indumentaria","Interiores / Guantes"
"NLIBOMITON","miton y cubre rojo",13,"Libo",104,"Equipos","Indumentaria","Interiores / Guantes"
"BCAMPGUAN","guante linner azul",21,"fidia",104,"Equipos","Indumentaria","Interiores / Guantes"
"BMAKKIDPANT","pantalon interior niño azul",2,"makalu",104,"Equipos","Indumentaria","Interiores / Guantes"
"BALIVPANTINTLADY","pantalon interior lady azul",1,"aliverti",104,"Equipos","Indumentaria","Interiores / Guantes"
"BMAKGUANTPOL","guante polar azul",2,"makalu",104,"Equipos","Indumentaria","Interiores / Guantes"
"BMAKPANTINT","Pantalon interior H azul",2,"makalu",104,"Equipos","Indumentaria","Interiores / Guantes"
"NALIVPOLBOLCORTA","remera con cierre m/corta rojo",1,"aliverti",104,"Equipos","Indumentaria","Interiores / Guantes"
"BALIVPOLLADYELAZ","polera lady elaz azul",1,"aliverti",104,"Equipos","Indumentaria","Interiores / Guantes"
"balivbala","balaclava dry azul",1,"aliverti",104,"Equipos","Indumentaria","Interiores / Guantes"
"NMAKCAMISINTLADY","camiseta interior lady rojo",2,"makalu",104,"Equipos","Indumentaria","Interiores / Guantes"
"BMAKPOL","polera interior azul",2,"makalu",104,"Equipos","Indumentaria","Interiores / Guantes"
"NALICCAMISCOMBIN","camiseta interior combinada rojo",1,"aliverti",104,"Equipos","Indumentaria","Interiores / Guantes"
"NMAKGUANTPOL","guante polar rojo",2,"makalu",104,"Equipos","Indumentaria","Interiores / Guantes"
"BALIVCAMINTSEDA","camiseta interior H Seda azul",1,"aliverti",104,"Equipos","Indumentaria","Interiores / Guantes"
"BALIVPOLERA","polera guil hombre azul",1,"aliverti",104,"Equipos","Indumentaria","Interiores / Guantes"
"BMAKMIT","miton duvet azul",2,"makalu",104,"Equipos","Indumentaria","Interiores / Guantes"
"NCUBRE3 X","cubremiton 3 cap rojo",2,"makalu",104,"Equipos","Indumentaria","Interiores / Guantes"
"BALIVCAMINTLADYSEDA","camiseta interior lady Seda azul",1,"aliverti",104,"Equipos","Indumentaria","Interiores / Guantes"
"BGUANTEKEVLAR","guante kevlar azul",25,"petzl",104,"Equipos","Indumentaria","Interiores / Guantes"
"NMED1piel","media interior rojo",1,"aliverti",104,"Equipos","Indumentaria","Interiores / Guantes"
"BALIVCAMINTLADY","camiseta interior LADY GUIL azul",1,"aliverti",104,"Equipos","Indumentaria","Interiores / Guantes"
"ALICAMISINTNIÑ","camiseta int niño rojo",1,"aliverti",104,"Equipos","Indumentaria","Interiores / Guantes"
"BALIVINTPANTSEDA","pantalon interior seda azul",1,"aliverti",104,"Equipos","Indumentaria","Interiores / Guantes"
"BALIVINTPANT","pantalon interior azul",1,"aliverti",104,"Equipos","Indumentaria","Interiores / Guantes"
"BMAKCAMISINTLADY","Camiseta interior lady azul ",2,"makalu",104,"Equipos","Indumentaria","Interiores / Guantes"
"NMAKCAMISINT","Camiseta interior H rojo",2,"makalu",104,"Equipos","Indumentaria","Interiores / Guantes"
"NALIVGUANT","guantes primera piel rojo",1,"aliverti",104,"Equipos","Indumentaria","Interiores / Guantes"
"NMAKPANTINTLADY","pantalon interior lady rojo",2,"makalu",104,"Equipos","Indumentaria","Interiores / Guantes"
"BMAKKID","camiseta interior niño azul ",2,"makalu",104,"Equipos","Indumentaria","Interiores / Guantes"
"BCUBRE3 X","cubremiton x3 azul",2,"makalu",104,"Equipos","Indumentaria","Interiores / Guantes"
"BMAKCAMISINT","Camiseta interior H azul",2,"makalu",104,"Equipos","Indumentaria","Interiores / Guantes"
"BGUANTESKY","guante sky azul",1,"aliverti",104,"Equipos","Indumentaria","Interiores / Guantes"
"BALIVREMH","remera interior hom azul",1,"aliverti",104,"Equipos","Indumentaria","Interiores / Guantes"
"NMAKTERMPANT","pantalon interior H rojo",2,"makalu",104,"Equipos","Indumentaria","Interiores / Guantes"
"ALIPANTINTNIÑ","pant int niños rojo",1,"aliverti",104,"Equipos","Indumentaria","Interiores / Guantes"
"NALIVMEDIATREKK","media trekk cool rojo",1,"aliverti",104,"Equipos","Indumentaria","Interiores / Guantes"
"NALIVMEDABR","media abrigo rojo",1,"aliverti",104,"Equipos","Indumentaria","Interiores / Guantes"
"BGUANTWIND","guante wind liv azul",21,"fidia",104,"Equipos","Indumentaria","Interiores / Guantes"
"BALIMEDIATREKK","media trekk cool azul",1,"aliverti",104,"Equipos","Indumentaria","Interiores / Guantes"
"NMAKMIT","Miton duvet rojo",2,"makalu",104,"Equipos","Indumentaria","Interiores / Guantes"
"NALIMITONLINER","miton liner rojo",1,"aliverti",104,"Equipos","Indumentaria","Interiores / Guantes"
"BMEDABRIGO","Media abrigo azul",1,"aliverti",104,"Equipos","Indumentaria","Interiores / Guantes"
"BOUTGUANTW","guante wind azul",12,"outside",104,"Equipos","Indumentaria","Interiores / Guantes"
"NOUTGUANTW","guante windblock rojo",12,"outside",104,"Equipos","Indumentaria","Interiores / Guantes"
"NMITONPOLAR","miton polar rojo",1,"aliverti",104,"Equipos","Indumentaria","Interiores / Guantes"
"BALIVCAMINT","camiseta interior H guil azul",1,"aliverti",104,"Equipos","Indumentaria","Interiores / Guantes"
"NORIX","Zapa escalada orix rojo",3,"TEKNIA",105,"Equipos","Indumentaria","Calzado"
"NGUILLUMET","Bota guill rojo",3,"TEKNIA",105,"Equipos","Indumentaria","Calzado"
"NFRONTANDES","Bota andes rojo",14,"Front Limit",105,"Equipos","Indumentaria","Calzado"
"BFRONTANDES","bota andes azul",14,"Front Limit",105,"Equipos","Indumentaria","Calzado"
"BVENTANA","bota ventana azul",14,"Front Limit",105,"Equipos","Indumentaria","Calzado"
"BPOLATREKK","polaina carrera azul",1,"aliverti",105,"Equipos","Indumentaria","Calzado"
"NCABLES","Cable polaina rojo",1,"aliverti",105,"Equipos","Indumentaria","Calzado"
"BTEKNIASAND","sandalia azul",3,"TEKNIA",105,"Equipos","Indumentaria","Calzado"
"NHIKKING","Zapatilla hikk rojo",3,"TEKNIA",105,"Equipos","Indumentaria","Calzado"
"BHIKKING","Zapa Hikk azul",3,"TEKNIA",105,"Equipos","Indumentaria","Calzado"
"BORIX","Zapatilla Orix azul",3,"TEKNIA",105,"Equipos","Indumentaria","Calzado"
"NPOLATREKK","polaina aventura rojo",1,"aliverti",105,"Equipos","Indumentaria","Calzado"
"NIMPERMEABILIZ","Impermeabilizante rojo",0,"Sin Marca",105,"Equipos","Indumentaria","Calzado"
"BZAPPHOENIX","zapatilla phoenix azul",21,"fidia",105,"Equipos","Indumentaria","Calzado"
"NTEKNIASAND","sandalia rojo",3,"TEKNIA",105,"Equipos","Indumentaria","Calzado"
"BMOUNTAIN","bota mountain azul",21,"fidia",105,"Equipos","Indumentaria","Calzado"
"BGUILLUMET","Bota Teknia GUILL azul",3,"TEKNIA",105,"Equipos","Indumentaria","Calzado"
"NGRASA","Grasa imperme rojo",1,"aliverti",105,"Equipos","Indumentaria","Calzado"
"NALIVPOLAINA","Polaina reforz rojo",1,"aliverti",105,"Equipos","Indumentaria","Calzado"
"BHOOKER","zapatilla hooker azul",21,"fidia",105,"Equipos","Indumentaria","Calzado"
"BBOTASPANTIK","bota spantik azul",21,"fidia",105,"Equipos","Indumentaria","Calzado"
"BMAKPANTDESLADY","pantalon desm lady azul",2,"makalu",106,"Equipos","Indumentaria","Ropa Trekking"
"BLIBOCLIMB","Pantalon Climb azul",13,"Libo",106,"Equipos","Indumentaria","Ropa Trekking"
"NALIVTREKKPANT","pantalon trekk  Entero H rojo",1,"aliverti",106,"Equipos","Indumentaria","Ropa Trekking"
"BMAKCAMITREKKL","camisa trekk lady azul",2,"makalu",106,"Equipos","Indumentaria","Ropa Trekking"
"BPANTTREKKDESM","pantalon trekk desm Hom azul",1,"aliverti",106,"Equipos","Indumentaria","Ropa Trekking"
"NMAKCAMITREKKL","camisa trekk lady rojo",2,"makalu",106,"Equipos","Indumentaria","Ropa Trekking"
"NMAKCAMTREKK","camisa trekk H rojo",2,"makalu",106,"Equipos","Indumentaria","Ropa Trekking"
"NOUTPANTDESM","pantalon desm rojo",12,"outside",106,"Equipos","Indumentaria","Ropa Trekking"
"NLIBOCLIMB","pantalon climb rojo",13,"Libo",106,"Equipos","Indumentaria","Ropa Trekking"
"BMAKPANTDESMH","pantalon desm H  azul",2,"makalu",106,"Equipos","Indumentaria","Ropa Trekking"
"NMAKPANTDESMH","pantalon desm H rojo",2,"makalu",106,"Equipos","Indumentaria","Ropa Trekking"
"BPANTTREKKLADYDESM","pantalon trekk desm lady azul",1,"aliverti",106,"Equipos","Indumentaria","Ropa Trekking"
"NPANTTREKKLADYDESM","pantalon trekk desm lady rojo",1,"aliverti",106,"Equipos","Indumentaria","Ropa Trekking"
"NPANTTREKKDESM","pantalon trekk desm H rojo",1,"aliverti",106,"Equipos","Indumentaria","Ropa Trekking"
"NMAKPANTDESLADY","pantalon desm lady rojo",2,"makalu",106,"Equipos","Indumentaria","Ropa Trekking"
"BFUGATEARNES","arnes azul",19,"fugate",201,"Equipos","Equipo Técnico","Arneses"
"BCAMPQUARTZ","Arnes quartz azul",21,"fidia",201,"Equipos","Equipo Técnico","Arneses"
"BARNESINTEGRAL","arnesi ntegral azul",21,"fidia",201,"Equipos","Equipo Técnico","Arneses"
"BCASSSAMBA","arnes samba azul",9,"Cassin",201,"Equipos","Equipo Técnico","Arneses"
"NFUGARNES","Arnes cintura rojo",19,"fugate",201,"Equipos","Equipo Técnico","Arneses"
"BCASSCREAM","arnes cream azul",9,"Cassin",201,"Equipos","Equipo Técnico","Arneses"
"BCASSBOCK","arnes bock azul",9,"Cassin",201,"Equipos","Equipo Técnico","Arneses"
"BCASSTIMBA","arnes timba azul",9,"Cassin",201,"Equipos","Equipo Técnico","Arneses"
"BCASSBITTER","arnes bitter azul",9,"Cassin",201,"Equipos","Equipo Técnico","Arneses"
"BCASSMAMBO","arnes mambo azul",9,"Cassin",201,"Equipos","Equipo Técnico","Arneses"
"BSTOP","Stop azul",25,"petzl",202,"Equipos","Equipo Técnico","Aseguramiento"
"BCAMPLOTUS","Lotus azul",21,"fidia",202,"Equipos","Equipo Técnico","Aseguramiento"
"BREVERSO","reverso azul",25,"petzl",202,"Equipos","Equipo Técnico","Aseguramiento"
"BCASSIN0102","juego de 9 nuts 0102 azul",9,"Cassin",202,"Equipos","Equipo Técnico","Aseguramiento"
"BCASSIN002310","chapa 002310 azul",9,"Cassin",202,"Equipos","Equipo Técnico","Aseguramiento"
"BCASSIN13802","cinta express anod 13802",9,"Cassin",202,"Equipos","Equipo Técnico","Aseguramiento"
"BGRIGRI","grigri azul",25,"petzl",202,"Equipos","Equipo Técnico","Aseguramiento"
"BPETZLTIBLOC","tibloc azul",25,"petzl",202,"Equipos","Equipo Técnico","Aseguramiento"
"BSHUNT","shunt azul",25,"petzl",202,"Equipos","Equipo Técnico","Aseguramiento"
"BFADPLACA","placa aseg azul",16,"faders",202,"Equipos","Equipo Técnico","Aseguramiento"
"BEXPRESSFAD","express azul",16,"faders",202,"Equipos","Equipo Técnico","Aseguramiento"
"BPIU","PIU azul",9,"Cassin",202,"Equipos","Equipo Técnico","Aseguramiento"
"BCASSRACKS","Cinta express Pack 044302 azul",9,"Cassin",202,"Equipos","Equipo Técnico","Aseguramiento"
"BCASSIN043001","cinta express alambre 043001 azul",9,"Cassin",202,"Equipos","Equipo Técnico","Aseguramiento"
"BCAMPRSTAR","Casco R Satar azul",21,"fidia",203,"Equipos","Equipo Técnico","Cascos"
"BCASSIN0245","casco stunt 0245 azul",9,"Cassin",203,"Equipos","Equipo Técnico","Cascos"
"BCASSASTLED","Casco Astraled azul",9,"Cassin",203,"Equipos","Equipo Técnico","Cascos"
"BCASSCASCOROCK","Casco rock azul",9,"Cassin",203,"Equipos","Equipo Técnico","Cascos"
"BCAMPCORD7","cordin 8 mm azul",8,"Roca",204,"Equipos","Equipo Técnico","Cuerdas, cordines y cintas"
"BCASSIN031930","cinta dynema 30 031930 azul",9,"Cassin",204,"Equipos","Equipo Técnico","Cuerdas, cordines y cintas"
"BPORTACUERDA","portacuerda azul",1,"aliverti",204,"Equipos","Equipo Técnico","Cuerdas, cordines y cintas"
"BROCAKIO","cuerda dina y estat  50 azul",8,"Roca",204,"Equipos","Equipo Técnico","Cuerdas, cordines y cintas"
"BCAMP6","Cordin 6 mm azul",21,"fidia",204,"Equipos","Equipo Técnico","Cuerdas, cordines y cintas"
"BROCACUERDA","cuerda estatica azul",8,"Roca",204,"Equipos","Equipo Técnico","Cuerdas, cordines y cintas"
"BCASSIN031960","cinta dyn 60 031960 azul",9,"Cassin",204,"Equipos","Equipo Técnico","Cuerdas, cordines y cintas"
"BROCAFAN","cuerda dina 60 mts  azul",8,"Roca",204,"Equipos","Equipo Técnico","Cuerdas, cordines y cintas"
"BCAMPCINTA","Cinta azul",21,"fidia",204,"Equipos","Equipo Técnico","Cuerdas, cordines y cintas"
"BCASSDAYSI","Margarita Azul",9,"Cassin",204,"Equipos","Equipo Técnico","Cuerdas, cordines y cintas"
"BCORDIN4","cordin 4 mm azul",8,"Roca",204,"Equipos","Equipo Técnico","Cuerdas, cordines y cintas"
"BCASSIN031860","cinta poli 60 031860 azul",9,"Cassin",204,"Equipos","Equipo Técnico","Cuerdas, cordines y cintas"
"BCASSIN032419","cinta 032419 poly 19 azul",9,"Cassin",204,"Equipos","Equipo Técnico","Cuerdas, cordines y cintas"
"BCORDIN8BEAL","cordin 8 mm azul",25,"petzl",204,"Equipos","Equipo Técnico","Cuerdas, cordines y cintas"
"NPORTACUERDA","portacuerda rojo",1,"aliverti",204,"Equipos","Equipo Técnico","Cuerdas, cordines y cintas"
"BCASSIN031812","cinta poly 120 031812 azul",9,"Cassin",204,"Equipos","Equipo Técnico","Cuerdas, cordines y cintas"
"BCINTA60","cinta 60  azul",25,"petzl",204,"Equipos","Equipo Técnico","Cuerdas, cordines y cintas"
"BCASSIN031890","cinta poly 90 031890 azul",9,"Cassin",204,"Equipos","Equipo Técnico","Cuerdas, cordines y cintas"
"BCASSIN031830   ","cinta poly 30 031830 azul",9,"Cassin",204,"Equipos","Equipo Técnico","Cuerdas, cordines y cintas"
"BCASSIN031912","cinta dyn 120 031912 azul",9,"Cassin",204,"Equipos","Equipo Técnico","Cuerdas, cordines y cintas"
"BCINTA120","cinta 120 azul",25,"petzl",204,"Equipos","Equipo Técnico","Cuerdas, cordines y cintas"
"BCORDIN2","cordin 2 mm azul",8,"Roca",204,"Equipos","Equipo Técnico","Cuerdas, cordines y cintas"
"BINTERV","bobina 200 azul",25,"petzl",204,"Equipos","Equipo Técnico","Cuerdas, cordines y cintas"
"BCASSIN032619","cinta dyn 032619 19 azul",9,"Cassin",204,"Equipos","Equipo Técnico","Cuerdas, cordines y cintas"
"BCASSIN031990","cinta dyn 90 031990 azul",9,"Cassin",204,"Equipos","Equipo Técnico","Cuerdas, cordines y cintas"
"BCAMPF8","figura 8 azul",21,"fidia",205,"Equipos","Equipo Técnico","Descensores"
"BFIG8","Figura 8 azul",21,"fidia",205,"Equipos","Equipo Técnico","Descensores"
"BCASSFIG8","Figura 8 azul",9,"Cassin",205,"Equipos","Equipo Técnico","Descensores"
"BFIGNEGRA","figura 8 negra azul",25,"petzl",205,"Equipos","Equipo Técnico","Descensores"
"BMOSQACERO","mosqueton acero azul",25,"petzl",206,"Equipos","Equipo Técnico","Mosquetones"
"BCAMPCLIP","Mosqueton D con seguro azul",21,"fidia",206,"Equipos","Equipo Técnico","Mosquetones"
"BCAMPHMS","Mosqueton HMS azul",21,"fidia",206,"Equipos","Equipo Técnico","Mosquetones"
"BMOSQECOSSEG","Mosqueton s/ seg Pulido  eco azul",9,"Cassin",206,"Equipos","Equipo Técnico","Mosquetones"
"BCASSIN043101 ","Mosqueton automatico043101 azul",9,"Cassin",206,"Equipos","Equipo Técnico","Mosquetones"
"BCASSIN044002 ","Mosqueton hms 044002 azul",9,"Cassin",206,"Equipos","Equipo Técnico","Mosquetones"
"BCAMPEXPRESS","Express 5 express  azul",21,"fidia",206,"Equipos","Equipo Técnico","Mosquetones"
"BCASSELFCSEG","Mosqueton D c/seg ELF 012703 azul",9,"Cassin",206,"Equipos","Equipo Técnico","Mosquetones"
"BCASSIN044001","mosqueton hms 044001 azul",9,"Cassin",206,"Equipos","Equipo Técnico","Mosquetones"
"BFADERSHMS","Mosqueton HMS azul",9,"Cassin",206,"Equipos","Equipo Técnico","Mosquetones"
"BCASSMOSQOVAL","Mosqueton oval azul",9,"Cassin",206,"Equipos","Equipo Técnico","Mosquetones"
"BXLARGE","Mosq XL Acero azul",4,"KONG",206,"Equipos","Equipo Técnico","Mosquetones"
"BCASSIN043102","mosqueton automatico anod azul",9,"Cassin",206,"Equipos","Equipo Técnico","Mosquetones"
"BHMS","Mosqueton HMS azul",4,"KONG",206,"Equipos","Equipo Técnico","Mosquetones"
"BFADERSPETIT","Mosqueton petit dru c/ seg azul",9,"Cassin",206,"Equipos","Equipo Técnico","Mosquetones"
"BCAMPOVAL","mosq oval azul",21,"fidia",206,"Equipos","Equipo Técnico","Mosquetones"
"NFADERMOSQSSEG","Mosq sin seg eco Anodiz azul",9,"Cassin",206,"Equipos","Equipo Técnico","Mosquetones"
"BPALAPESL","pala snow compact azul",25,"petzl",207,"Equipos","Equipo Técnico","Hielo / Nieve"
"BALIVMASCNEOP","mascara neoprene azul",1,"aliverti",207,"Equipos","Equipo Técnico","Hielo / Nieve"
"BALIVPORTGRAM","portagrampon azul",1,"aliverti",207,"Equipos","Equipo Técnico","Hielo / Nieve"
"NMSRRAQ","raqueta rojo",15,"MSR",207,"Equipos","Equipo Técnico","Hielo / Nieve"
"NALIVPORTGRAM","Portagrampon rojo",1,"aliverti",207,"Equipos","Equipo Técnico","Hielo / Nieve"
"BPALAPEMTL","pala mini telesnow",25,"petzl",207,"Equipos","Equipo Técnico","Hielo / Nieve"
"BCAMPSTALK","Grampon stalker 801 azul",21,"fidia",207,"Equipos","Equipo Técnico","Hielo / Nieve"
"BCAMPRAQ","Raqueta azul",21,"fidia",207,"Equipos","Equipo Técnico","Hielo / Nieve"
"BCAMPGRAMP803","Grampon 803 azul",21,"fidia",207,"Equipos","Equipo Técnico","Hielo / Nieve"
"BCAMPNEVE","Piqueta Neve azul",21,"fidia",207,"Equipos","Equipo Técnico","Hielo / Nieve"
"BCASSINXPOP","portatornillo XPOP azul",9,"Cassin",207,"Equipos","Equipo Técnico","Hielo / Nieve"
"BCAMP802","Grampon 802 azul",21,"fidia",207,"Equipos","Equipo Técnico","Hielo / Nieve"
"BTSL205","raqueta 205 azul",23,"TSL",207,"Equipos","Equipo Técnico","Hielo / Nieve"
"BCAMPAWAX","piqueta tecnica azul",21,"fidia",207,"Equipos","Equipo Técnico","Hielo / Nieve"
"BCASSIN0270","piqueta x alp 0270 azul",9,"Cassin",207,"Equipos","Equipo Técnico","Hielo / Nieve"
"BCASSIN008712","tornillo 120 008712 azul",9,"Cassin",207,"Equipos","Equipo Técnico","Hielo / Nieve"
"BGRAMPC12UNIV","Grampon  060301 c12 azul",9,"Cassin",207,"Equipos","Equipo Técnico","Hielo / Nieve"
"BCASSIN060302","Grampon fast 060302 azul",9,"Cassin",207,"Equipos","Equipo Técnico","Hielo / Nieve"
"NMASCWIND","mascara wind rojo",1,"aliverti",207,"Equipos","Equipo Técnico","Hielo / Nieve"
"BCASSXPRO","Piqueta X PRO azul",9,"Cassin",207,"Equipos","Equipo Técnico","Hielo / Nieve"
"BCASSIN0158","Piqueta flash 0158 azul",9,"Cassin",207,"Equipos","Equipo Técnico","Hielo / Nieve"
"BCAMPGRAVECTOR","Grampon Vector azul",21,"fidia",207,"Equipos","Equipo Técnico","Hielo / Nieve"
"BCASSIN008722","tornillo 220 008722 azul",9,"Cassin",207,"Equipos","Equipo Técnico","Hielo / Nieve"
"BTSLRAQ","raqueta 225 tsl azul",23,"TSL",207,"Equipos","Equipo Técnico","Hielo / Nieve"
"BCASSIN008717","tornillo 170 008717 azul",9,"Cassin",207,"Equipos","Equipo Técnico","Hielo / Nieve"
"BCULIPATIN","culipatin azul",0,"Sin Marca",207,"Equipos","Equipo Técnico","Hielo / Nieve"
"NALIVMASCNEOP","mascara neoprene rojo",1,"aliverti",207,"Equipos","Equipo Técnico","Hielo / Nieve"
"BP00","polea p 00 azul",25,"petzl",208,"Equipos","Equipo Técnico","Rescate"
"BTANDEMCAB","polea tandem cable azul",25,"petzl",208,"Equipos","Equipo Técnico","Rescate"
"BJUMARCAMP","jumar azul",21,"fidia",208,"Equipos","Equipo Técnico","Rescate"
"BSWIVEL","giro azul",25,"petzl",208,"Equipos","Equipo Técnico","Rescate"
"BCAMPROLD","Polea movil roldana  azul",21,"fidia",208,"Equipos","Equipo Técnico","Rescate"
"BTRAC","polea trac azul",25,"petzl",208,"Equipos","Equipo Técnico","Rescate"
"BCAMPPOLE","Polea small azul",21,"fidia",208,"Equipos","Equipo Técnico","Rescate"
"BTIROLESA","tirolesa azul",0,"Sin Marca",208,"Equipos","Equipo Técnico","Rescate"
"BTANDEMSPEED","polea tandem speed azul",25,"petzl",208,"Equipos","Equipo Técnico","Rescate"
"BTANDEM","polea tandem azul",25,"petzl",208,"Equipos","Equipo Técnico","Rescate"
"BMINITRACC","polea minitraccion azul",25,"petzl",208,"Equipos","Equipo Técnico","Rescate"
"BFIXE","polea fixe p05 azul",25,"petzl",208,"Equipos","Equipo Técnico","Rescate"
"BJUMAR","jumar azul",25,"petzl",208,"Equipos","Equipo Técnico","Rescate"
"NALQUILER","alquiler equipo",1,"aliverti",209,"Equipos","Equipo Técnico","Accesorios"
"NALQRAQUETA","alquiler raqueta rojo",1,"aliverti",209,"Equipos","Equipo Técnico","Accesorios"
"NMAKGORRAWIN","gorra wind rojo",2,"makalu",209,"Equipos","Equipo Técnico","Accesorios"
"NALIVPAÑ","pañuelo",1,"aliverti",209,"Equipos","Equipo Técnico","Accesorios"
"BTOALLAL","toalla L azul",15,"MSR",209,"Equipos","Equipo Técnico","Accesorios"
"BTIKKINA","linterna tikkina azul",25,"petzl",209,"Equipos","Equipo Técnico","Accesorios"
"NTEKMAGN","Magnesiera rojo",3,"TEKNIA",209,"Equipos","Equipo Técnico","Accesorios"
"BALIBOT","botiquin azul",1,"aliverti",209,"Equipos","Equipo Técnico","Accesorios"
"BBUFF","pañuelo buff azul",0,"Sin Marca",209,"Equipos","Equipo Técnico","Accesorios"
"BBOSINEOP","bolsillo neoprene azul",1,"aliverti",209,"Equipos","Equipo Técnico","Accesorios"
"NCEBEANTIP","Antiparra CEBE caja rojo",10,"CEBE",209,"Equipos","Equipo Técnico","Accesorios"
"BANTEOJOS","Anteojos urbanos azul",0,"Sin Marca",209,"Equipos","Equipo Técnico","Accesorios"
"BVITO503","navaja 10 usos recruit azul",20,"Vitorinox",209,"Equipos","Equipo Técnico","Accesorios"
"NCEBEMORPHIC","Anteojo morphic cat 4 rojo",10,"CEBE",209,"Equipos","Equipo Técnico","Accesorios"
"NCEBEFIN","Anteojo FIN rojo",10,"CEBE",209,"Equipos","Equipo Técnico","Accesorios"
"NALQCARPAALTA","alquiler carpa alta rojo",1,"aliverti",209,"Equipos","Equipo Técnico","Accesorios"
"BVITEXPLORER","navaja explorer azul",20,"Vitorinox",209,"Equipos","Equipo Técnico","Accesorios"
"BVITALP","navaja alpinner 5 usos azul",20,"Vitorinox",209,"Equipos","Equipo Técnico","Accesorios"
"NBOLSADESCANSO","bolsa descanso rojo",1,"aliverti",209,"Equipos","Equipo Técnico","Accesorios"
"NCEBESPOT4","Anteojo spot 4 rojo",10,"CEBE",209,"Equipos","Equipo Técnico","Accesorios"
"NANTIPCHICO","antipàrra niños rojo",10,"CEBE",209,"Equipos","Equipo Técnico","Accesorios"
"NLENTERAYO","anteojo urbano rojo",1,"aliverti",209,"Equipos","Equipo Técnico","Accesorios"
"BVITORRANGER","Navaja Ranger azul",20,"Vitorinox",209,"Equipos","Equipo Técnico","Accesorios"
"BVITORMOUNT","Navaja Mountain 18 azul",20,"Vitorinox",209,"Equipos","Equipo Técnico","Accesorios"
"BVITORHUNTSMAN","Navaja Huntsman azul",20,"Vitorinox",209,"Equipos","Equipo Técnico","Accesorios"
"BVITORCLIMBER","Navaja climber azul",20,"Vitorinox",209,"Equipos","Equipo Técnico","Accesorios"
"BVITOR12","Navaja 12 usos ruck azul",20,"Vitorinox",209,"Equipos","Equipo Técnico","Accesorios"
"BRECTADP2","Brujula DP2 azul",6,"Recta",209,"Equipos","Equipo Técnico","Accesorios"
"BTEKNIAMAG","magnesiera azul ",3,"TEKNIA",209,"Equipos","Equipo Técnico","Accesorios"
"BJULBOSHERPA","Anteojo Sherpa azul",21,"fidia",209,"Equipos","Equipo Técnico","Accesorios"
"ALQLINTERNA","alquiler linterna",1,"aliverti",209,"Equipos","Equipo Técnico","Accesorios"
"NNORTHFACE","anteojo NF sell lady rojo",17,"North Face",209,"Equipos","Equipo Técnico","Accesorios"
"NUNDEROUT","Anteojo under outdoor rojo",10,"CEBE",209,"Equipos","Equipo Técnico","Accesorios"
"BBRUJMAPA","brujula shilba mapa azul",18,"Doite",209,"Equipos","Equipo Técnico","Accesorios"
"NEURBOLS","Bolsillo portabotella red rojo",1,"aliverti",209,"Equipos","Equipo Técnico","Accesorios"
"NALQPANTNIÑO","alquiler pant imp niño rojo",1,"aliverti",209,"Equipos","Equipo Técnico","Accesorios"
"BLUBRILINEA","Impermeabilizante carpas azul",1,"aliverti",209,"Equipos","Equipo Técnico","Accesorios"
"BCEBESPOT","Anteojo spot cat 3 azul",10,"CEBE",209,"Equipos","Equipo Técnico","Accesorios"
"BOLSAESTANCA","bolsa estanca rojo",1,"aliverti",209,"Equipos","Equipo Técnico","Accesorios"
"NALQTORNILLO","alquiler tornillo rojo",1,"aliverti",209,"Equipos","Equipo Técnico","Accesorios"
"NALQCAMPNIÑO","alquiler camp imp niño rojo",1,"aliverti",209,"Equipos","Equipo Técnico","Accesorios"
"NNORTHFACEANTIP","Antiparra rojo",17,"North Face",209,"Equipos","Equipo Técnico","Accesorios"
"NNORTHFACEAIR","anteojo cat alta rojo ",17,"North Face",209,"Equipos","Equipo Técnico","Accesorios"
"NALQBOTMAD","alquiler bota mediana rojo",1,"aliverti",209,"Equipos","Equipo Técnico","Accesorios"
"NALQGUANTE","alquiler guante rojo",1,"aliverti",209,"Equipos","Equipo Técnico","Accesorios"
"NCRUX","anteojo crux rojo",10,"CEBE",209,"Equipos","Equipo Técnico","Accesorios"
"NBUFF","pañuelo rojo",0,"Sin Marca",209,"Equipos","Equipo Técnico","Accesorios"
"NMANGUERA","manguera neoprene rojo",1,"aliverti",209,"Equipos","Equipo Técnico","Accesorios"
"BANTIPARRANF","antiparra nf azul",17,"North Face",209,"Equipos","Equipo Técnico","Accesorios"
"NALQANTUNDER","alquiler ante under y cebe rojo",10,"CEBE",209,"Equipos","Equipo Técnico","Accesorios"
"NALQAISL","alquiler aislante",1,"aliverti",209,"Equipos","Equipo Técnico","Accesorios"
"BORGAN","organizador viaje azul",18,"Doite",209,"Equipos","Equipo Técnico","Accesorios"
"NALQARNES","alquiler arnes rojo",1,"aliverti",209,"Equipos","Equipo Técnico","Accesorios"
"NALQMONSQ","alquiler mosquetones rojo",1,"aliverti",209,"Equipos","Equipo Técnico","Accesorios"
"NALQCINTAS","alquiler cintas rojo",1,"aliverti",209,"Equipos","Equipo Técnico","Accesorios"
"BPAÑUELO","pañuelo azul",21,"fidia",209,"Equipos","Equipo Técnico","Accesorios"
"BUNDERANTIP","Antiparra under azul",10,"CEBE",209,"Equipos","Equipo Técnico","Accesorios"
"BPETZLTIKKAXP","linterna tikka xp azul",25,"petzl",209,"Equipos","Equipo Técnico","Accesorios"
"BVITO13603","navaja 12 usos spartan azul",20,"Vitorinox",209,"Equipos","Equipo Técnico","Accesorios"
"BTIKKAPLUSS","linterna tikka pluss azul",25,"petzl",209,"Equipos","Equipo Técnico","Accesorios"
"BAMBOO21","Linterna 21 leds azul",7,"Bamboo",209,"Equipos","Equipo Técnico","Accesorios"
"BMAGNESIO","magnesio azul",25,"petzl",209,"Equipos","Equipo Técnico","Accesorios"
"BSIGNAL","linterna signal azul",25,"petzl",209,"Equipos","Equipo Técnico","Accesorios"
"NBOSINEOP","bolsillo neoprene rojo",1,"aliverti",209,"Equipos","Equipo Técnico","Accesorios"
"BDOGLAN","anteojo dolgan azul",21,"fidia",209,"Equipos","Equipo Técnico","Accesorios"
"BFURY","anteojo fury azul",17,"North Face",209,"Equipos","Equipo Técnico","Accesorios"
"NHELIAK","anteojo heliak rojo",10,"CEBE",209,"Equipos","Equipo Técnico","Accesorios"
"NCEBEANT","Anteojo Cebe FALKO rojo",10,"CEBE",209,"Equipos","Equipo Técnico","Accesorios"
"NALQCUERDA","alquiler cuerda",1,"aliverti",209,"Equipos","Equipo Técnico","Accesorios"
"BDOITELINT3","linterna2+1 azul",18,"Doite",209,"Equipos","Equipo Técnico","Accesorios"
"BSILBATO","silbato azul",18,"Doite",209,"Equipos","Equipo Técnico","Accesorios"
"BLENTERAYO","Lente urbano azul",1,"aliverti",209,"Equipos","Equipo Técnico","Accesorios"
"nalqbota","alquiler bota rigida",1,"aliverti",209,"Equipos","Equipo Técnico","Accesorios"
"BRECTADP6","Brujula DP 6 azul",6,"Recta",209,"Equipos","Equipo Técnico","Accesorios"
"BRECTADS40","Brujula Ds 40 azul",6,"Recta",209,"Equipos","Equipo Técnico","Accesorios"
"BVITORINOXHANAYMAN","navaja handyman azul",20,"Vitorinox",209,"Equipos","Equipo Técnico","Accesorios"
"NALQPANTIMPERM","alquiler pantalon impermeable rojo",1,"aliverti",209,"Equipos","Equipo Técnico","Accesorios"
"NPACKBODY","alquiler pack body rojo",1,"aliverti",209,"Equipos","Equipo Técnico","Accesorios"
"NALQCASCO","alquiler casco rojo",1,"aliverti",209,"Equipos","Equipo Técnico","Accesorios"
"BLINTERNACTIVE","linterna miniactive azul",18,"Doite",209,"Equipos","Equipo Técnico","Accesorios"
"NBOLSAESTANCA","bolsa estanca 15 y 20  rojo",15,"MSR",209,"Equipos","Equipo Técnico","Accesorios"
"NMSRTOLLAZXL","toalla xl rojo",15,"MSR",209,"Equipos","Equipo Técnico","Accesorios"
"NMSRTOLLAZL","toalla L rojo",15,"MSR",209,"Equipos","Equipo Técnico","Accesorios"
"NALQCALENTADOR","alquiler calentador rojo",1,"aliverti",209,"Equipos","Equipo Técnico","Accesorios"
"NALQBOLSAVIVAC","alquiler bolsa vivac rojo",1,"aliverti",209,"Equipos","Equipo Técnico","Accesorios"
"NALQCUBREMITON","alquiler cubremiton rojo",1,"aliverti",209,"Equipos","Equipo Técnico","Accesorios"
"NALQMITON","alquiler miton duvet rojo",1,"aliverti",209,"Equipos","Equipo Técnico","Accesorios"
"NALQPOLAINA","alquiler polaina rojo",1,"aliverti",209,"Equipos","Equipo Técnico","Accesorios"
"NALQCHALECODUVET","alquiler chaleco duvet rojo",1,"aliverti",209,"Equipos","Equipo Técnico","Accesorios"
"NALQANTIP","alquiler antiparra under rojo",10,"CEBE",209,"Equipos","Equipo Técnico","Accesorios"
"NALQPARKA","alquiler parka rojo",1,"aliverti",209,"Equipos","Equipo Técnico","Accesorios"
"NCEBECAT4","anteojo cat 4 generico rojo",10,"CEBE",209,"Equipos","Equipo Técnico","Accesorios"
"NALQCUBREM","alquiler cubremochila rojo",1,"aliverti",209,"Equipos","Equipo Técnico","Accesorios"
"NALQBOLSA","alquiler bolsa rojo",1,"aliverti",209,"Equipos","Equipo Técnico","Accesorios"
"NALQMOCHILA","alquiler mochila ataque rojo",1,"aliverti",209,"Equipos","Equipo Técnico","Accesorios"
"NALQGRAMPON","alquiler grampon rojo",1,"aliverti",209,"Equipos","Equipo Técnico","Accesorios"
"NALQPIQUETA","alquiler piqueta rojo",1,"aliverti",209,"Equipos","Equipo Técnico","Accesorios"
"NALQCARPACAMPING","alquiler carpa camping rojo",1,"aliverti",209,"Equipos","Equipo Técnico","Accesorios"
"NALQBOTACUERO","alquiler bota cuero rojo",1,"aliverti",209,"Equipos","Equipo Técnico","Accesorios"
"NALQBASTON","alquiler baston rojo",1,"aliverti",209,"Equipos","Equipo Técnico","Accesorios"
"BVARILLA","varilla carpa azul",0,"Sin Marca",209,"Equipos","Equipo Técnico","Accesorios"
"NRIÑOPORTA","riñonera portabotella rojo",1,"aliverti",209,"Equipos","Equipo Técnico","Accesorios"
"BMONOC","monocular azul",20,"Vitorinox",209,"Equipos","Equipo Técnico","Accesorios"
"BPETZLMYOXP","linterna myo belt xp azul",25,"petzl",209,"Equipos","Equipo Técnico","Accesorios"
"NALQCAMPERADUVET","alquiler campera duvet rojo",1,"aliverti",209,"Equipos","Equipo Técnico","Accesorios"
"BCRUX","Anteojo Crux azul",10,"CEBE",209,"Equipos","Equipo Técnico","Accesorios"
"NCEBEFURYPACK","anteojo fury pack rojo",17,"North Face",209,"Equipos","Equipo Técnico","Accesorios"
"NCRUXPACK","anteojo crux pack rojo",10,"CEBE",209,"Equipos","Equipo Técnico","Accesorios"
"NALQPALA","alquiler pala rojo",1,"aliverti",209,"Equipos","Equipo Técnico","Accesorios"
"BUNDERANTEO","Anteojo under azul",10,"CEBE",209,"Equipos","Equipo Técnico","Accesorios"
"NCEBESPOT","anteojo spot 3 rojo",10,"CEBE",209,"Equipos","Equipo Técnico","Accesorios"
"NUNDERANTIP","Antiparra Under rojo",10,"CEBE",209,"Equipos","Equipo Técnico","Accesorios"
"NCEBEFURY","Anteojo Fury rojo",17,"North Face",209,"Equipos","Equipo Técnico","Accesorios"
"NUNDERANTEO","Anteojo under rojo",10,"CEBE",209,"Equipos","Equipo Técnico","Accesorios"
"NSPOT34","anteojo fotoc 3y4 rojo",10,"CEBE",209,"Equipos","Equipo Técnico","Accesorios"
"BTIKKA","linterna tikka azul",25,"petzl",209,"Equipos","Equipo Técnico","Accesorios"
"NALQMOCHILAPORTEO","alquiler mochila porteo rojo",1,"aliverti",209,"Equipos","Equipo Técnico","Accesorios"
"NALQFIG8","alquiler figura 8 rojo",1,"aliverti",209,"Equipos","Equipo Técnico","Accesorios"
"NALQHANDY","alquiler handy rojo",1,"aliverti",209,"Equipos","Equipo Técnico","Accesorios"
"BZIPKAPLUSS","linterna zipka pluss azul",25,"petzl",209,"Equipos","Equipo Técnico","Accesorios"
"BZIPKA","linterna zipka azul",25,"petzl",209,"Equipos","Equipo Técnico","Accesorios"
"BMSRTOLLAZL","toalla xl azul",15,"MSR",209,"Equipos","Equipo Técnico","Accesorios"
"NCEBECECH","anteojo cechinel rojo",10,"CEBE",209,"Equipos","Equipo Técnico","Accesorios"
"BMAGSOLIT","linterna solitari blister azul",24,"Maglite",209,"Equipos","Equipo Técnico","Accesorios"
"BBANDA","Banda señal azul",24,"Maglite",209,"Equipos","Equipo Técnico","Accesorios"
"NUNDERCLIP","anteojo under con clip rojo",0,"Sin Marca",209,"Equipos","Equipo Técnico","Accesorios"
"BMAGMINIMAG","linterna minimag azul",24,"Maglite",209,"Equipos","Equipo Técnico","Accesorios"
"NALIVBVIVAC","bolsa vivac rojo",1,"aliverti",301,"Equipos","Montañismo y Trekking","Bolsas de Dormir / Vivac"
"BAISLWAVY","aislante wavy azul",18,"Doite",301,"Equipos","Montañismo y Trekking","Bolsas de Dormir / Vivac"
"NMAKBOLS500","bolsa duvet ultra 500 rojo",2,"makalu",301,"Equipos","Montañismo y Trekking","Bolsas de Dormir / Vivac"
"NMAKARTIC","Bolsa Artic rojo",2,"makalu",301,"Equipos","Montañismo y Trekking","Bolsas de Dormir / Vivac"
"NOUTBOLS1000","bolsa duvet 1000 aconcagua rojo",12,"outside",301,"Equipos","Montañismo y Trekking","Bolsas de Dormir / Vivac"
"BGLACIAR","bolsa glaciar azul",18,"Doite",301,"Equipos","Montañismo y Trekking","Bolsas de Dormir / Vivac"
"NMAKVIVAC","bolsa vivac rojo",2,"makalu",301,"Equipos","Montañismo y Trekking","Bolsas de Dormir / Vivac"
"BNALGACAN","aislante acanalado azul",22,"nalgene",301,"Equipos","Montañismo y Trekking","Bolsas de Dormir / Vivac"
"NEXPENSIBLE","expansible",2,"makalu",301,"Equipos","Montañismo y Trekking","Bolsas de Dormir / Vivac"
"NMAK700","Bolsa duvet 700 lohtse  rojo  ",2,"makalu",301,"Equipos","Montañismo y Trekking","Bolsas de Dormir / Vivac"
"NLIBOKAW1000","Bolsa duvet kawy 1100 rojo",13,"Libo",301,"Equipos","Montañismo y Trekking","Bolsas de Dormir / Vivac"
"BPROWAVY","aislante prowavy azul",18,"Doite",301,"Equipos","Montañismo y Trekking","Bolsas de Dormir / Vivac"
"BFUNDAC","bolsa compresora azul",2,"makalu",301,"Equipos","Montañismo y Trekking","Bolsas de Dormir / Vivac"
"NOUTLANIN","bolsa duvet 500 gr lanin rojo",12,"outside",301,"Equipos","Montañismo y Trekking","Bolsas de Dormir / Vivac"
"NMSRAISL","aislante naranja rojo",15,"MSR",301,"Equipos","Montañismo y Trekking","Bolsas de Dormir / Vivac"
"BDOITE140092","bolsa fresty azul",18,"Doite",301,"Equipos","Montañismo y Trekking","Bolsas de Dormir / Vivac"
"BDOITAISLECO","aislante eco wavy azul",18,"Doite",301,"Equipos","Montañismo y Trekking","Bolsas de Dormir / Vivac"
"BBOLSAPOLAR","bolsa polar azul",1,"aliverti",301,"Equipos","Montañismo y Trekking","Bolsas de Dormir / Vivac"
"NALIVERBOLPO","Bolsa polar rojo",1,"aliverti",301,"Equipos","Montañismo y Trekking","Bolsas de Dormir / Vivac"
"NNALGENECAMPOBASE","aislante campo base rojo",22,"nalgene",301,"Equipos","Montañismo y Trekking","Bolsas de Dormir / Vivac"
"BMAKULT","Bolsa duvet ultra 500 azul",2,"makalu",301,"Equipos","Montañismo y Trekking","Bolsas de Dormir / Vivac"
"BSPINITAMPOLLA","aislante ampolla azul",18,"Doite",301,"Equipos","Montañismo y Trekking","Bolsas de Dormir / Vivac"
"NMAKNEPAL","Bolsa duvet 1000 nepal rojo",2,"makalu",301,"Equipos","Montañismo y Trekking","Bolsas de Dormir / Vivac"
"BGAMMA","aislante gamma azul",18,"Doite",301,"Equipos","Montañismo y Trekking","Bolsas de Dormir / Vivac"
"NMAKTIBET","Bolsa duvet 850 tibet rojo",2,"makalu",301,"Equipos","Montañismo y Trekking","Bolsas de Dormir / Vivac"
"BALIVBVIVAC","bolsa vivac azul",1,"aliverti",301,"Equipos","Montañismo y Trekking","Bolsas de Dormir / Vivac"
"BMIRAGE","colchon mirage 1 pers azul",18,"Doite",301,"Equipos","Montañismo y Trekking","Bolsas de Dormir / Vivac"
"BALMOHADA","almohada azul",18,"Doite",301,"Equipos","Montañismo y Trekking","Bolsas de Dormir / Vivac"
"BAISLANTECD","aislante cd azul",1,"aliverti",301,"Equipos","Montañismo y Trekking","Bolsas de Dormir / Vivac"
"NNALGACAN","Aislante acanalado rojo",22,"nalgene",301,"Equipos","Montañismo y Trekking","Bolsas de Dormir / Vivac"
"NMAKNEPAL1300","bolsa nepal 1300 rojo",2,"makalu",301,"Equipos","Montañismo y Trekking","Bolsas de Dormir / Vivac"
"NMAKBOLSCOMP","Bolsa compresora rojo",2,"makalu",301,"Equipos","Montañismo y Trekking","Bolsas de Dormir / Vivac"
"BMIRAGE2","colchon mirage 2 pers azul",18,"Doite",301,"Equipos","Montañismo y Trekking","Bolsas de Dormir / Vivac"
"BMSRAISL","aislante naranja azul",15,"MSR",301,"Equipos","Montañismo y Trekking","Bolsas de Dormir / Vivac"
"BCAMPVIVAC","bolsa vivac azul",21,"fidia",301,"Equipos","Montañismo y Trekking","Bolsas de Dormir / Vivac"
"BPRINCE","bolsa prince azul",7,"Bamboo",301,"Equipos","Montañismo y Trekking","Bolsas de Dormir / Vivac"
"NOUTAISLMINI","aislante mini rojo",22,"nalgene",301,"Equipos","Montañismo y Trekking","Bolsas de Dormir / Vivac"
"NALIBBOLSAAISL","bolsa aislantes",1,"aliverti",301,"Equipos","Montañismo y Trekking","Bolsas de Dormir / Vivac"
"BBAMBOOEVEREST","Bolsa dormir Everest azul",7,"Bamboo",301,"Equipos","Montañismo y Trekking","Bolsas de Dormir / Vivac"
"NOUTEVEREST","bolsa duvet 1200 everest rojo",12,"outside",301,"Equipos","Montañismo y Trekking","Bolsas de Dormir / Vivac"
"BOUTLANIN","bolsa duvet 500 gr lanin azul",12,"outside",301,"Equipos","Montañismo y Trekking","Bolsas de Dormir / Vivac"
"NALIVBOLSACOMP","bolsa compresora rojo",1,"aliverti",301,"Equipos","Montañismo y Trekking","Bolsas de Dormir / Vivac"
"BOUTBOLS1000","bolsa duvet 1000 aconcagua azul",12,"outside",301,"Equipos","Montañismo y Trekking","Bolsas de Dormir / Vivac"
"BCAMPAISLMINI","aislante mini azul",21,"fidia",301,"Equipos","Montañismo y Trekking","Bolsas de Dormir / Vivac"
"BCAMPAISLCLASSIC","aislante classic azul",21,"fidia",301,"Equipos","Montañismo y Trekking","Bolsas de Dormir / Vivac"
"BMAKNEPAL","bolsa duvet 1000 nepal azul",2,"makalu",301,"Equipos","Montañismo y Trekking","Bolsas de Dormir / Vivac"
"NEURBOLSCOMPR","Bolsa compresora rojo",11,"Eurus",301,"Equipos","Montañismo y Trekking","Bolsas de Dormir / Vivac"
"BHIMALAYA","carpa himalaya azul",18,"Doite",302,"Equipos","Montañismo y Trekking","Carpas"
"NALQFROG","alquiler carpa rojo",12,"outside",302,"Equipos","Montañismo y Trekking","Carpas"
"BCARPAYOSEM","carpa yosemite azul",18,"Doite",302,"Equipos","Montañismo y Trekking","Carpas"
"BBAMB6","carpa 6 pers azul",7,"Bamboo",302,"Equipos","Montañismo y Trekking","Carpas"
"NMAKANDES","carpa andes rojo",2,"makalu",302,"Equipos","Montañismo y Trekking","Carpas"
"NOUTALUMINE","carpa alumine rojo",12,"outside",302,"Equipos","Montañismo y Trekking","Carpas"
"BDOITEHICAMP6","carpa hi camper 6 azul",18,"Doite",302,"Equipos","Montañismo y Trekking","Carpas"
"BBAMBOOVOY2","Carpa voyager 2 pluss azul",7,"Bamboo",302,"Equipos","Montañismo y Trekking","Carpas"
"NOUTFROG","Carpa Frog rojo",12,"outside",302,"Equipos","Montañismo y Trekking","Carpas"
"NOUTNOVA","carpa nova rojo",12,"outside",302,"Equipos","Montañismo y Trekking","Carpas"
"BOUTALUMN","carpa alumine azul",12,"outside",302,"Equipos","Montañismo y Trekking","Carpas"
"BOUTFROG","carpa frog azul",12,"outside",302,"Equipos","Montañismo y Trekking","Carpas"
"BANDES","carpa andes azul",7,"Bamboo",302,"Equipos","Montañismo y Trekking","Carpas"
"NMAKGEO","carpa geo rojo",2,"makalu",302,"Equipos","Montañismo y Trekking","Carpas"
"BESTACA","estacas azul",0,"Sin Marca",302,"Equipos","Montañismo y Trekking","Carpas"
"BHIG3","carpa 3 pers higl azul",7,"Bamboo",302,"Equipos","Montañismo y Trekking","Carpas"
"BZOILO","carpa zolo esp azul",18,"Doite",302,"Equipos","Montañismo y Trekking","Carpas"
"BHIG4","carpa 4 per higl azul",7,"Bamboo",302,"Equipos","Montañismo y Trekking","Carpas"
"BDOITEHICAMP2","carpa hi camper 2 azul",18,"Doite",302,"Equipos","Montañismo y Trekking","Carpas"
"BDOITEHICAMP4","carpa hi camper 4 azul",18,"Doite",302,"Equipos","Montañismo y Trekking","Carpas"
"NEQUINOX","carpa equinox rojo",12,"outside",302,"Equipos","Montañismo y Trekking","Carpas"
"BDOITELLAIMA","carpa llaima azul",18,"Doite",302,"Equipos","Montañismo y Trekking","Carpas"
"NOUTSUPERN","carpa supernova rojo",12,"outside",302,"Equipos","Montañismo y Trekking","Carpas"
"BBOLSOEXPED","bolso expedicion 150 lts azul",19,"fugate",303,"Equipos","Montañismo y Trekking","Mochilas"
"BESTANCAS","bolsa estanca azul",12,"outside",303,"Equipos","Montañismo y Trekking","Mochilas"
"NOUTALPHA30","Mochila 30 alpha rojo",12,"outside",303,"Equipos","Montañismo y Trekking","Mochilas"
"BOUTTISACK","mochila 20 lts tisack azul",12,"outside",303,"Equipos","Montañismo y Trekking","Mochilas"
"BALICUBRERIST","cubremochila liv gr azul",1,"aliverti",303,"Equipos","Montañismo y Trekking","Mochilas"
"NEURAUST","Mochila 19 lt Australis rojo",11,"Eurus",303,"Equipos","Montañismo y Trekking","Mochilas"
"BOUTPAMIR50","Mochila 50 pamir  azul",12,"outside",303,"Equipos","Montañismo y Trekking","Mochilas"
"BOUTMOCHYAK70","mochila 70 yak azul",12,"outside",303,"Equipos","Montañismo y Trekking","Mochilas"
"BOUTANDES","mochila 30 andes azul",12,"outside",303,"Equipos","Montañismo y Trekking","Mochilas"
"NALIVMOCHANAT","Mochila anatomica 25 rojo",1,"aliverti",303,"Equipos","Montañismo y Trekking","Mochilas"
"BOUTMOCHDAY","mochila 18 day pack azul",12,"outside",303,"Equipos","Montañismo y Trekking","Mochilas"
"NEURUS70","mochila 70 manque rojo",11,"Eurus",303,"Equipos","Montañismo y Trekking","Mochilas"
"NMAKMOCHCTORRE","Mochila 40 cerro torre rojo",2,"makalu",303,"Equipos","Montañismo y Trekking","Mochilas"
"BALIVBOLSILLO","bolsillo mochila azul",1,"aliverti",303,"Equipos","Montañismo y Trekking","Mochilas"
"BMAKPAMIR70","mochila 70 pamir azul",2,"makalu",303,"Equipos","Montañismo y Trekking","Mochilas"
"BMOCHROCK","mochila 20 rockrat azul",12,"outside",303,"Equipos","Montañismo y Trekking","Mochilas"
"BMAKBOREAL60","mochila 60 boreal azul",2,"makalu",303,"Equipos","Montañismo y Trekking","Mochilas"
"NEURUSOUSA","mochila 30 lts ousa rojo",11,"Eurus",303,"Equipos","Montañismo y Trekking","Mochilas"
"NALIVCUBRELIV","Cubremochila liviano rojo",1,"aliverti",303,"Equipos","Montañismo y Trekking","Mochilas"
"BALIVCUBREREF","cubremochila ref gr azul",1,"aliverti",303,"Equipos","Montañismo y Trekking","Mochilas"
"BOUTMOCH23","Mochila 23 day pack azul",12,"outside",303,"Equipos","Montañismo y Trekking","Mochilas"
"NALICUBRERIST","cubremochila liviano gr rojo",1,"aliverti",303,"Equipos","Montañismo y Trekking","Mochilas"
"BFUGMOCHCIRROS","mochila cirros 70y80 azul",19,"fugate",303,"Equipos","Montañismo y Trekking","Mochilas"
"BOUTMOCHEIGER","Mochila 60 eiger  azul",12,"outside",303,"Equipos","Montañismo y Trekking","Mochilas"
"NOUTMOCHBALT","Mochila 70 baltoro rojo",12,"outside",303,"Equipos","Montañismo y Trekking","Mochilas"
"NMOCHEXPED80","Mochila expedicion 80 rojo",12,"outside",303,"Equipos","Montañismo y Trekking","Mochilas"
"NALIVCUBREREF","Cubremochila reforzado rojo",1,"aliverti",303,"Equipos","Montañismo y Trekking","Mochilas"
"BEURUSAUST","Mochila 19 australis azul",11,"Eurus",303,"Equipos","Montañismo y Trekking","Mochilas"
"NALIVMOCH90+20","mochila 90+20 rojo",1,"aliverti",303,"Equipos","Montañismo y Trekking","Mochilas"
"NMAKPAMIR70","Mochila 70 pamir rojo",2,"makalu",303,"Equipos","Montañismo y Trekking","Mochilas"
"BOUTMOCHYAK60","mochila 60 yak azul",12,"outside",303,"Equipos","Montañismo y Trekking","Mochilas"
"NALIMOCH70+20","mochila 70+20 rojo",1,"aliverti",303,"Equipos","Montañismo y Trekking","Mochilas"
"NALIVMOCH40","Mochila 40 lts rojo",1,"aliverti",303,"Equipos","Montañismo y Trekking","Mochilas"
"NOUTMOCH23","mochila 23 day pack rojo",12,"outside",303,"Equipos","Montañismo y Trekking","Mochilas"
"NOUTMOCHEXPED60","Mochila 60 expedicion rojo",12,"outside",303,"Equipos","Montañismo y Trekking","Mochilas"
"NOUTMOCHYAK70","Mochila 70 yak rojo",12,"outside",303,"Equipos","Montañismo y Trekking","Mochilas"
"NFUGMOCHCIRROS","mochila 70 cirros rojo",19,"fugate",303,"Equipos","Montañismo y Trekking","Mochilas"
"NOUTMOCHECO","Mochila ecoadventure rojo",12,"outside",303,"Equipos","Montañismo y Trekking","Mochilas"
"BALICUBRE60","cubre reforz 60 lts azul",1,"aliverti",303,"Equipos","Montañismo y Trekking","Mochilas"
"NEURUSMANQUE50","mochila 50 lts manque rojo",11,"Eurus",303,"Equipos","Montañismo y Trekking","Mochilas"
"BOUTMOCHALP45","mochila 45 alpha azul",12,"outside",303,"Equipos","Montañismo y Trekking","Mochilas"
"BMAKMOCHCTORRE","Mochila 40 cerro torre azul",2,"makalu",303,"Equipos","Montañismo y Trekking","Mochilas"
"NOUTANDES","mochila 30 andes rojo",12,"outside",303,"Equipos","Montañismo y Trekking","Mochilas"
"NOUTTISACK","mochila 20 lts tisack rojo",12,"outside",303,"Equipos","Montañismo y Trekking","Mochilas"
"NEURUSMOCH60","mochila 60 huenu rojo",11,"Eurus",303,"Equipos","Montañismo y Trekking","Mochilas"
"NOUTMOCHROCK","mochila 20 rock rojo",12,"outside",303,"Equipos","Montañismo y Trekking","Mochilas"
"NALIVBOLSILLO","Bolsillo mochila rojo",1,"aliverti",303,"Equipos","Montañismo y Trekking","Mochilas"
"NOUTPAMIR50","Mochila 50 pamir rojo",12,"outside",303,"Equipos","Montañismo y Trekking","Mochilas"
"NEURUSRIÑO","riñonera 3 lts rojo",11,"Eurus",303,"Equipos","Montañismo y Trekking","Mochilas"
"NMAKBOREAL60","mochila 60 boreal rojo",2,"makalu",303,"Equipos","Montañismo y Trekking","Mochilas"
"NOUTMOCHYAK60","Mochila 60 yak rojo",12,"outside",303,"Equipos","Montañismo y Trekking","Mochilas"
"NYAK50","mochila 50 yak rojo",12,"outside",303,"Equipos","Montañismo y Trekking","Mochilas"
"NOUTHUARAS","mochila 20 lts huaras rojo",12,"outside",303,"Equipos","Montañismo y Trekking","Mochilas"
"NOUTMOCHTIROL","mochila 55 tirol rojo ",12,"outside",303,"Equipos","Montañismo y Trekking","Mochilas"
"NMAKPAMIR90","Mochila 90 pamir rojo",2,"makalu",303,"Equipos","Montañismo y Trekking","Mochilas"
"NOUTMOCHDAY","mochila 18 day pack rojo",12,"outside",303,"Equipos","Montañismo y Trekking","Mochilas"
"NOUTPISCO","mochila 28 lts pisco rojo",12,"outside",303,"Equipos","Montañismo y Trekking","Mochilas"
"NOUTMOCHEIGER","mochila 60 eiger rojo",12,"outside",303,"Equipos","Montañismo y Trekking","Mochilas"
"NOUTMOCHALP45","mochila 45 alpha  rojo",12,"outside",303,"Equipos","Montañismo y Trekking","Mochilas"
"NMSRBAST","Bastones MSR rojo",15,"MSR",304,"Equipos","Montañismo y Trekking","Bastones"
"BMSRBAST","baston msr azul",15,"MSR",304,"Equipos","Montañismo y Trekking","Bastones"
"BBASTON","Baston compressorr azul",23,"TSL",304,"Equipos","Montañismo y Trekking","Bastones"
"BCAMPBAST","Bastones peak azul",0,"Sin Marca",304,"Equipos","Montañismo y Trekking","Bastones"
"NMARMITADUVET","marmita duvet rojo",1,"aliverti",305,"Equipos","Montañismo y Trekking","Cocina"
"BBRGL10","Calentador mini azul",5,"BROGAS",305,"Equipos","Montañismo y Trekking","Cocina"
"BBRGL06","Calentador Medio azul",5,"BROGAS",305,"Equipos","Montañismo y Trekking","Cocina"
"BBRMARM","Marmita 2 pers azul",1,"aliverti",305,"Equipos","Montañismo y Trekking","Cocina"
"BBR455","Cartucho gas azul",5,"BROGAS",305,"Equipos","Montañismo y Trekking","Cocina"
"BMSRWHISP","calentador whisper normal azul",15,"MSR",305,"Equipos","Montañismo y Trekking","Cocina"
"BMSRDRAGON","calentador dragonfly azul",15,"MSR",305,"Equipos","Montañismo y Trekking","Cocina"
"BMSRMINIW","filtro miniwork azul",15,"MSR",305,"Equipos","Montañismo y Trekking","Cocina"
"BMSRWATERWORK","filtro water work azul",15,"MSR",305,"Equipos","Montañismo y Trekking","Cocina"
"BBOLSAHIDRA","bolsa hidra msr azul",15,"MSR",305,"Equipos","Montañismo y Trekking","Cocina"
"NPASTPOT100","Pastilla potab 100 rojo",0,"Sin Marca",305,"Equipos","Montañismo y Trekking","Cocina"
"NPASTPOTAB50","Pastillas potab 50 rojo",0,"Sin Marca",305,"Equipos","Montañismo y Trekking","Cocina"
"BTERMO1","Termo 1 lt azul",7,"Bamboo",305,"Equipos","Montañismo y Trekking","Cocina"
"BTERMO15","Termo 15 azul",7,"Bamboo",305,"Equipos","Montañismo y Trekking","Cocina"
"BMSRGOURMET","marmita gourmet azul",15,"MSR",305,"Equipos","Montañismo y Trekking","Cocina"
"BMSRBOMBA","bomba azul",15,"MSR",305,"Equipos","Montañismo y Trekking","Cocina"
"BMSRXGK","calentador xgk azul",15,"MSR",305,"Equipos","Montañismo y Trekking","Cocina"
"BMSRKIT","kit reparac aislante azul",15,"MSR",305,"Equipos","Montañismo y Trekking","Cocina"
"BTERMOBALA","Termo bala azul",18,"Doite",305,"Equipos","Montañismo y Trekking","Cocina"
"BMSRBOTGRIS","botella hidrat gris azul",22,"nalgene",305,"Equipos","Montañismo y Trekking","Cocina"
"BNALG500","botella hidrat 500 azul",22,"nalgene",305,"Equipos","Montañismo y Trekking","Cocina"
"BFRASCOS","tabletas azul",0,"Sin Marca",305,"Equipos","Montañismo y Trekking","Cocina"
"BMSRSIMMER","calentador simmerlite azul",15,"MSR",305,"Equipos","Montañismo y Trekking","Cocina"
"NTERMOMEDIO","termo medio litro rojo",1,"aliverti",305,"Equipos","Montañismo y Trekking","Cocina"
"BSPINIT140110","termo 1 lt con manija azul",18,"Doite",305,"Equipos","Montañismo y Trekking","Cocina"
"BCALENTSPIDER","calentador spider azul",18,"Doite",305,"Equipos","Montañismo y Trekking","Cocina"
"BCALENTWESSER","calentador wesser azul",18,"Doite",305,"Equipos","Montañismo y Trekking","Cocina"
"BMARMITA2 ","marmita 2 pers azul",18,"Doite",305,"Equipos","Montañismo y Trekking","Cocina"
"BMARM4","marmita 4 pers azul",18,"Doite",305,"Equipos","Montañismo y Trekking","Cocina"
"BMARM6","marmita 6 pers azul",18,"Doite",305,"Equipos","Montañismo y Trekking","Cocina"
"NMSRKITANUAL","kit anual rojo",15,"MSR",305,"Equipos","Montañismo y Trekking","Cocina"
"NMSRGOURMET","marmita gourmet rojo",15,"MSR",305,"Equipos","Montañismo y Trekking","Cocina"
"NMSRKITCOCINA","kit cocina rojo",22,"nalgene",305,"Equipos","Montañismo y Trekking","Cocina"
"BBOTELLAGAS","botella gas azul",18,"Doite",305,"Equipos","Montañismo y Trekking","Cocina"
"BDOITECARTGR","cartucho grande azul",18,"Doite",305,"Equipos","Montañismo y Trekking","Cocina"
"NMSRBOTGRIS","botella hidrat gris rojo",22,"nalgene",305,"Equipos","Montañismo y Trekking","Cocina"
"BBROGASBOT","botellas gas rojo",5,"BROGAS",305,"Equipos","Montañismo y Trekking","Cocina"
"NNALGENEBOTHID","botella hidratacion rojo",22,"nalgene",305,"Equipos","Montañismo y Trekking","Cocina"
"NMSRBOT1000","Botella combust 1lt rojo",15,"MSR",305,"Equipos","Montañismo y Trekking","Cocina"
"NMSRKIT","kit mantenimiento XGK rojo",15,"MSR",305,"Equipos","Montañismo y Trekking","Cocina"
"NMSRXGK","calentador xgk rojo",15,"MSR",305,"Equipos","Montañismo y Trekking","Cocina"
"NMSRBOTCH","botella 330 chi rojo",15,"MSR",305,"Equipos","Montañismo y Trekking","Cocina"
"NMSRMARMGUIDE","marmita alpine guide azul",15,"MSR",305,"Equipos","Montañismo y Trekking","Cocina"
"NMSRWHISP","calentador whisper normal  rojo",15,"MSR",305,"Equipos","Montañismo y Trekking","Cocina"
"NMSRWHISPERINTER","calentador whisper intern rojo",15,"MSR",305,"Equipos","Montañismo y Trekking","Cocina"
"NMSRBOT600","botella 600 rojo",15,"MSR",305,"Equipos","Montañismo y Trekking","Cocina"
"NMSRSTOW1600","marmita stow 1,6 rojo",15,"MSR",305,"Equipos","Montañismo y Trekking","Cocina"
"NMSRBOMBA","bomba rojo",15,"MSR",305,"Equipos","Montañismo y Trekking","Cocina"
"BMSRKITHID","kit hidratacion msr azul",15,"MSR",305,"Equipos","Montañismo y Trekking","Cocina"
"NMSRDROM","dromedario 2 lts rojo",15,"MSR",305,"Equipos","Montañismo y Trekking","Cocina"
"BGEL","Gel azul",0,"Sin Marca",305,"Equipos","Montañismo y Trekking","Cocina"
"BBROGAS440","calentador base amarilla azul",5,"BROGAS",305,"Equipos","Montañismo y Trekking","Cocina"
"BBROGJO103","marmita 12 piez azul",5,"BROGAS",305,"Equipos","Montañismo y Trekking","Cocina"
"BMSRBOT1000","botella combust 1 lts azul",15,"MSR",305,"Equipos","Montañismo y Trekking","Cocina"
"BMSRBOT600","botella 600 azul",15,"MSR",305,"Equipos","Montañismo y Trekking","Cocina"
"BMSRSTOW1600","marmita stow 1,6 azul",15,"MSR",305,"Equipos","Montañismo y Trekking","Cocina"
"BMSRWHISPERINTER","calentador whisper inter azul",15,"MSR",305,"Equipos","Montañismo y Trekking","Cocina"
"BBOTPICO","botella hidratacion con pico azul",22,"nalgene",305,"Equipos","Montañismo y Trekking","Cocina"
"BNALGENEBOTHID","botella hidrat transp azul",22,"nalgene",305,"Equipos","Montañismo y Trekking","Cocina"
"BBOLSAHIDNALG","bolsa hidrat nalg azul 2 lts",22,"nalgene",305,"Equipos","Montañismo y Trekking","Cocina"
"NHOSER","bolsa hidrat hoser rojo",15,"MSR",305,"Equipos","Montañismo y Trekking","Cocina"
"BCALENBJ","calentador azul",1,"aliverti",305,"Equipos","Montañismo y Trekking","Cocina"
"BDROMEDARIO4","dromedario 4 lt azul",15,"MSR",305,"Equipos","Montañismo y Trekking","Cocina"
"BDOITECART","Cartucho ch azul",18,"Doite",305,"Equipos","Montañismo y Trekking","Cocina"
"NMSRGUIDE","marmita alpine guide rojo",15,"MSR",305,"Equipos","Montañismo y Trekking","Cocina"
