"id","name","profile","workingHours","seniority"
1,"Myesha Morrisey","Cuentas",8,"Junior"
2,"Lincoln Loney","PM",8,"Senior"
3,"Pauline Panek","Desarrollo",8,"Junior"
4,"Glennis Gloor","Cuentas",8,"Senior"
5,"Makeda Mika","PM",8,"SemiSenior"
6,"Julietta Johnson","Desarrollo",8,"Junior"
7,"Exie Earp","Cuentas",8,"Senior"
8,"Alethea Amerine","PM",8,"SemiSenior"
9,"Azucena Aldrich","Desarrollo",8,"Junior"
10,"Diego Darlington","Cuentas",8,"Senior"
11,"Barbie Bowler","PM",8,"SemiSenior"
12,"Neil Newsom","Desarrollo",8,"Junior"
13,"Suzan Shindler","Cuentas",8,"Senior"
14,"Mandi Markowitz","PM",8,"SemiSenior"
15,"Galen Gusman","Desarrollo",8,"Junior"
16,"Nona Norred","Cuentas",6,"Senior"
17,"Hanna Hasting","PM",6,"SemiSenior"
18,"Toshiko Then","Desarrollo",6,"Junior"
19,"Jesica Jessie","Cuentas",6,"Senior"
20,"Granville Guidry","PM",6,"SemiSenior"
21,"Aldo Avilla","Desarrollo",6,"Junior"
22,"Nannie Nyberg","Cuentas",6,"Senior"
23,"Bernard Boudreaux","PM",6,"SemiSenior"
24,"Trang Theis","Desarrollo",6,"Junior"
25,"Milagros Moffatt","Cuentas",6,"Senior"
26,"Edie Elam","PM",6,"SemiSenior"
27,"Eura Egli","Desarrollo",6,"Junior"
28,"Floyd Fuson","Cuentas",6,"Senior"
29,"Phillip Puglia","PM",6,"SemiSenior"
30,"Caridad Constantine","Desarrollo",6,"Junior"
31,"Starla Sherman","Cuentas",6,"Senior"
32,"Nicol Nehring","PM",6,"SemiSenior"
33,"Williams Wilford","Desarrollo",6,"Junior"
34,"Gwenda Guidotti","Cuentas",6,"Senior"
35,"Stephane Strohm","PM",6,"SemiSenior"
36,"Darryl Dalley","Desarrollo",6,"Junior"
37,"Maybelle Mcneeley","Cuentas",6,"Senior"
38,"Ciara Champagne","PM",6,"SemiSenior"
39,"Bob Beekman","Desarrollo",6,"Junior"
40,"Jenell Jules","Cuentas",6,"Senior"
41,"Derrick Desantis","PM",6,"SemiSenior"
42,"Dave Devereux","Desarrollo",6,"Junior"
43,"Shaneka Shanley","Cuentas",6,"Senior"
44,"Kermit Koff","PM",6,"SemiSenior"
45,"Karena Kyllonen","Desarrollo",6,"Junior"
46,"Therese Tristan","Cuentas",6,"Senior"
47,"Eleanora Eustice","PM",6,"SemiSenior"
48,"Rex Rolf","Desarrollo",6,"Junior"
49,"Ayanna Antley","Cuentas",6,"Senior"
50,"Kimberely Kaczmarski","PM",6,"SemiSenior"
